Gender,Married,ApplicantIncome,CoapplicantIncome,LoanAmount,Loan_Amount_Term,Credit_History,Loan_Status
-0.06351328,-0.123687096,0.051896613,0.16913636,-0.09801678,-0.16308545,-0.00047785413,0.11512511
0.01769199,-0.09460609,0.18869388,0.074604094,0.14212254,-0.026889166,0.08844441,-0.025951548
-0.017926129,-0.009031035,0.076318644,0.15258679,-0.06479052,0.34002215,0.05027254,0.0021166843
0.009736488,-0.10131438,0.049664605,0.2609842,-0.09047792,-0.018895034,0.006232751,0.0927819
-0.11139682,0.09304066,0.05397025,0.16437007,-0.12751286,-0.033405658,0.05265739,0.025810208
0.07739947,-0.004036591,0.27647212,0.13157335,0.006852393,-0.3387736,-0.064967826,-0.17867066
0.07014999,-0.23551081,0.1232478,0.08723872,-0.0036154187,0.11544118,0.056590267,0.017196994
-0.011373927,-0.05841229,0.16922073,-0.0644194,0.13363352,-0.28258747,-0.18433209,0.05046125
-0.07916856,-0.10758587,-0.09344108,-0.0410654,-0.07134662,0.21128082,-0.2326445,0.14794517
-0.24819599,-0.3749876,0.2317401,0.06636295,-0.34114698,-0.019015448,-0.10424946,-0.0021982642
-0.15407577,-0.0053438894,0.19061114,0.22128393,-0.22078574,0.055749062,-0.0019895986,0.022296831
0.12615076,-0.22330637,0.12362795,0.22300865,-0.00029538386,-0.13944973,-0.110016316,0.084521785
-0.04569757,0.0073236036,0.23814715,0.33577794,-0.28094354,0.033318836,-0.0791737,-0.083518475
0.013287052,-0.10269293,0.09455128,0.31413302,-0.30515322,-0.15500298,0.078310035,0.23146075
-0.069697194,0.26986417,0.03738448,0.39790565,-0.2761879,0.07512351,0.21531802,0.3210385
0.04233766,-0.023579651,0.21851477,-0.004854872,-0.0934911,0.023935467,0.0061147716,0.06928007
-0.14409673,-0.15868366,0.16347544,0.339738,-0.27603495,0.15006562,0.046968903,0.103428796
0.09936665,-0.12463909,0.34135965,0.040694185,-0.12538543,0.1628762,-0.18366534,0.13460359
-0.07932104,-0.47636965,0.4807528,0.13946886,-0.112763524,0.049186867,-0.34868836,-0.015921662
-0.0012250686,-0.008719224,0.15256754,0.0029282337,0.080544375,0.12361952,-0.1654933,0.13171266
-0.088849664,0.026732285,0.04539201,0.18267056,-0.25328824,0.10728019,0.06777987,0.093174525
0.072445095,-0.26749703,0.090495594,0.38299492,-0.16092798,0.14835167,0.06638036,0.0849126
-0.10273445,-0.04136487,0.025479235,0.17510276,-0.18709767,-0.056474984,-0.056053236,0.14814475
-0.040208463,-0.05361374,0.15090853,0.22888887,-0.103829496,-0.012968958,0.1517108,-0.04149117
-0.28032053,-0.18316813,0.40655735,0.5097589,-0.4704015,0.060774896,-0.098015964,-0.16157596
-0.13014425,-0.2855476,0.5121046,0.13426498,-0.14686026,-0.07817359,0.010997418,-0.051083867
-0.21637455,-0.06827538,0.20041335,0.09253208,-0.06322119,-0.07936951,0.06199768,0.053826977
-0.071002565,-0.067415096,0.12515864,0.003976909,-0.07515549,-0.17388801,0.04963586,0.08580337
-0.35788274,0.035362437,0.02192457,0.20575625,-0.021626914,-0.24086821,-0.038052797,0.08427701
-0.12945634,-0.072724275,0.20091012,0.0021776895,-0.0040357527,-0.057436395,0.08109818,0.07676307
-0.25251207,0.048966583,0.17083342,0.0700544,-0.19746602,-0.026179912,0.13882235,0.08324879
-0.23622048,-0.08500176,0.3887754,0.54267156,-0.33030507,0.07588077,0.14664179,0.0072099958
-0.17788349,0.080592014,0.029852653,0.2870293,-0.2714421,-0.115456074,-0.0650022,0.22974472
-0.039565787,-0.2067898,0.2800127,0.2606252,0.023758529,-0.08573223,0.04443379,-0.051905677
-0.0898699,0.08239906,0.32346448,0.10684753,0.083550245,-0.4055048,-0.11065381,-0.090888605
-0.20584515,-0.001809997,0.13828148,0.23077935,-0.11333399,-0.11066467,0.12783042,0.03985025
-0.19805302,-0.03459103,0.11564834,0.08645906,-0.167461,-0.035245843,0.015939986,0.08855166
-0.18791312,-0.19090131,0.052884635,0.14249954,-0.10848465,0.23528408,-0.1588897,0.12477755
-0.17974633,-0.0047178366,0.17246568,0.27653784,-0.22495157,-0.03864144,0.034337502,-0.14129454
-0.0040569827,-0.14252985,0.19860618,0.3313126,-0.6410065,0.64998263,-0.16730414,0.087048315
-0.050175063,-0.17789029,0.26752305,0.28892994,-0.07169171,-0.2242589,0.15322985,0.10750692
-0.29354498,0.021765042,0.15018824,-0.05555114,-0.22602287,-0.12195213,0.13362198,0.13954403
-0.11520051,0.23178925,0.08721891,0.2669172,-0.028300388,0.19881634,0.19757496,0.08047127
-0.1357157,-0.15848117,0.08325659,0.14969863,-0.056659598,0.036118444,0.013526255,-0.020433346
-0.018381443,-0.0040115425,-0.03603295,0.23049065,-0.0588747,0.06140436,-0.06358098,0.22338453
-0.18481341,0.14815497,0.08848746,0.30258438,-0.06988381,-0.2693376,0.012080484,0.016495818
0.025791505,-0.050055254,0.09542593,0.19586799,-0.1588589,0.30631655,-0.08324257,0.08085118
-0.051412,-0.109356575,0.4108934,0.09418398,-0.04100902,-0.4271541,-0.077305265,-0.15226991
-0.058861803,-0.20931654,-0.012894214,-0.03202063,-0.16071518,0.18342105,-0.4251353,0.27220848
-0.0040886584,-0.2992624,0.054382306,0.02356848,0.020802211,0.08236491,-0.1960768,0.08421871
0.1117638,-0.1472907,0.16841564,0.299135,-0.0022184215,-0.064252295,0.11280819,-0.0005021393
-0.034903135,-0.11912056,0.08441769,0.09264421,-0.013089838,-0.03834345,-0.09774227,0.0218093
-0.16040708,-0.100938275,0.0055875606,0.045550406,-0.17727171,0.051250115,-0.19921793,0.049252354
-0.03078054,-0.14301023,0.109968014,0.06099496,-0.0766035,0.15381142,-0.2577259,0.02877621
0.036911514,-0.13861488,0.28620464,-0.038077723,-0.028811026,-0.10147381,-0.13871405,-0.06984401
0.033616375,-0.11801001,0.17522101,0.31390652,-0.07403915,0.043997318,0.12843025,0.065853044
-0.12880678,-0.22035776,0.14926831,0.44503048,-0.48233092,0.36652216,0.020205174,-0.08496327
-0.20876645,0.02413274,0.026286984,0.35124665,-0.3961245,0.25961056,0.0840176,-0.031068299
0.15307203,-0.14644347,0.20809332,0.2441987,-0.13822232,-0.009369018,0.06884709,0.07700313
-0.19431317,-0.15246136,0.0048096403,0.285651,-0.14952593,0.17749599,0.026797121,0.10496104
-0.15078016,0.07054925,0.05423306,-0.011028731,-0.0906027,-0.076680355,0.11170514,0.16281566
-0.05518702,-0.15616637,0.2591225,-0.003162163,0.02568925,0.24465086,0.021713227,0.018729985
-0.26849303,-0.065937266,0.1898918,0.28646058,-0.2778719,0.024944076,0.017008422,-0.0133902775
0.058516774,-0.42001632,0.055578344,0.26100808,-0.2369359,0.23947665,-0.038977135,0.0220284
-0.07999036,0.046657227,0.1547698,0.024953034,-0.14662506,-0.15649098,0.03719556,0.095354006
-0.096657336,-0.17852603,0.0346806,0.110544026,-0.22089773,0.09860774,-0.11455071,0.03006743
-0.18082836,0.068196654,0.09735078,0.045389816,-0.30230787,0.38832575,-0.20217629,0.13051939
-0.10009646,0.06895195,0.12247833,0.12962045,-0.27841878,-0.04183404,0.056321237,0.070490114
-0.34557357,-0.14746857,0.2001159,0.068659954,-0.05948712,-0.26208887,0.11166789,0.13692665
-0.13043727,-0.11618698,0.20104803,0.28576535,-0.07574844,-0.18174496,0.35576552,0.17271891
-0.08684554,-0.2646961,0.32320783,0.47089502,-0.09083251,-0.111728005,-0.20967107,-0.019084858
-0.22197057,0.121689826,0.033994965,0.18074694,-0.30456445,0.04070538,0.06351008,0.083828636
-0.16625093,0.14473625,0.122548796,0.20674051,-0.0559918,-0.08804234,0.13965014,0.049494084
-0.13420229,-0.16477504,-0.048681244,-0.030533044,-0.049520068,-0.082200184,-0.26031062,0.107784554
-0.2228147,-0.32085896,-0.010722986,0.062321626,0.09252958,-0.0045653414,-0.26771426,0.079510435
0.07816494,-0.2515815,-0.09868428,0.16735438,-0.13189706,0.2686779,-0.18288268,0.012679001
-0.2811009,-0.12670954,0.09496728,0.04256983,0.05625916,0.045184556,-0.023703597,-0.0028970048
0.058822315,0.08439064,0.14803863,0.23476425,-0.35275972,-0.22517025,0.1827947,0.32049474
-0.041517165,-0.034669,0.05961424,0.28348133,-0.22946674,-0.0198833,0.09151883,0.01060794
-0.11907414,-0.075851634,0.16425034,0.25513715,-0.28242925,0.16788502,0.06987554,-0.07573515
0.042249963,-0.072958335,0.24486925,0.008214289,-0.083674766,0.01358938,-0.03182469,-0.039058622
-0.0780189,-0.110818975,0.17950332,0.5028272,-0.49499777,-0.08630202,0.10713999,0.13972853
0.051866338,0.05751841,0.15860784,0.21543637,-0.13971177,0.23713778,-0.15140435,0.007727246
-0.12861033,-0.12977315,0.124571115,0.1210429,-0.05313986,-0.1253559,-0.09240913,-0.020293146
-0.069687955,-0.28210115,0.4527582,0.11871004,-0.16596967,-0.16298887,-0.01580312,0.016670162
0.074122675,-0.12605946,0.16080464,0.29138175,-0.10561243,-0.15519439,0.12190423,0.036362905
-0.28202325,0.032196674,0.161855,0.25855285,-0.2905901,-0.023191663,-0.052475233,-0.048980944
-0.17234784,-0.0987431,0.066935085,0.22948495,-0.23198521,0.18692502,0.08618922,0.03170163
-0.047262922,-0.24600692,0.22158843,0.23499292,-0.0022416376,-0.08902131,0.034344543,0.1587949
-0.08108071,0.033280425,0.1647478,0.040892307,0.00948626,-0.050737742,-0.0034389514,0.100384176
-0.041096848,-0.08376829,0.025134306,0.12822947,-0.2660988,0.12435293,0.0027022595,0.025923843
0.0078075747,0.0083870115,0.18770985,0.18074293,-0.41752896,-0.13881935,0.08195633,0.019135486
0.086672574,-0.032458983,0.013950568,0.32941577,-0.37124938,-0.21367063,0.10332961,0.20868394
-0.1928796,-0.20481792,0.1065749,0.17131454,-0.13174558,-0.07804385,-0.1643022,0.060840014
-0.050258473,-0.20553485,0.13616842,0.53545856,-0.41030023,-0.2445129,0.10762972,-0.087685496
-0.15613322,0.39034832,0.14846912,0.5674998,-0.33182776,0.1657561,0.26003546,0.47052908
-0.05498165,-0.11263227,0.021717478,0.15580781,-0.012986496,0.10221292,0.0503953,6.0915947e-05
-0.09093359,-0.08656538,0.1558798,0.22667532,-0.111232795,0.09285495,0.17852518,0.032770682
-0.13732316,-0.059230726,0.022897964,0.17864537,-0.15078382,0.10708995,0.1874688,0.13479926
-0.09151088,0.10746422,0.11872407,0.4086143,-0.2748195,-0.06366378,0.11167204,0.21290696
-0.14073998,-0.20266427,0.0374583,0.16138266,-0.1126814,0.044158686,-0.21980302,-0.009319841
-0.08227502,-0.25030175,0.06202614,0.1707537,-0.22396633,-0.012764372,-0.025558224,-0.018394567
-0.1281482,-0.3255853,0.16857183,-0.032680888,-0.060515642,0.10914574,-0.31861755,0.13063587
-0.0745484,0.06655353,0.160087,0.19584845,-0.2289258,-0.13506955,0.04763441,0.086299315
-0.038010206,0.010209165,0.19893365,0.24810107,-0.27188885,0.13370258,-0.025807371,-0.084962904
0.0852348,0.25612706,0.29751882,0.113990046,-0.089323856,-0.23092978,0.12226221,0.20459001
-0.3188426,-0.3138451,0.16982464,0.22757585,-0.24266165,0.18880568,-0.18484661,0.010858944
0.017109504,-0.10309946,0.11372737,0.029431324,-0.08861625,0.032450534,-0.08655321,-0.009791326
0.039239313,0.2506054,0.09982295,0.5329566,-0.38024932,-0.03896286,0.10467301,0.13219379
0.0010370068,-0.0014599328,0.20919856,0.04521412,-0.03192408,-0.22813573,-0.022282979,-0.16394721
0.012297703,-0.16400045,0.08923134,0.20777091,-0.252463,0.27631265,-0.13671172,0.027270691
-0.13204062,0.029374609,0.047479004,0.104156606,-0.08742909,-0.010510292,0.033594403,0.106380135
0.05970597,-0.12521116,0.121790215,0.023215039,0.18261327,-0.16553092,-0.06042461,0.011563367
-0.1116074,-0.13570353,0.16570143,0.08185509,0.0961788,-0.0705583,-0.11143214,0.19166556
-0.01220186,-0.041661736,0.25451574,0.29088157,-0.22446552,0.11363243,-0.14832187,-0.11213754
-0.061867967,0.09731532,0.20325091,0.21328548,-0.22800027,-0.1572689,-0.11250961,-0.04654486
-0.04712606,-0.28568938,0.21439007,0.36008734,-0.55052847,-0.19425702,0.0630064,-0.050937474
-0.050420333,-0.13933559,0.047279898,0.10457046,-0.13383962,-0.0053566117,0.07535137,0.06480381
-0.10066718,-0.19935392,0.056620277,0.09350757,-0.017409243,0.13235682,-0.29269275,0.050542213
-0.078749515,-0.039814714,0.23968825,0.34713864,-0.14719859,0.16405815,0.1297107,-0.18102013
-0.17663538,0.05968611,0.15876351,0.40023035,-0.4734418,0.08101443,0.012393777,0.093056835
-0.03607358,0.029214928,0.21501185,0.15672357,0.1287807,-0.24440679,0.112578526,0.11328097
-0.020602569,0.018726751,0.025636228,0.083690144,-0.24228635,0.3126086,-0.21375398,0.12574357
-0.38156465,-0.011719763,0.27139354,0.14071529,-0.16381218,-0.042647414,-0.19895393,0.14063594
-0.001924465,-0.036406722,0.11238381,0.07918379,-0.046244342,-0.12447428,-0.1687622,0.28352904
-0.21595743,0.13338968,0.22739664,0.343526,-0.5052719,0.3044105,-0.06745216,0.053369712
-0.07144393,0.010736309,0.0346278,0.072956406,-0.009591211,-0.17357378,0.11350368,-0.027142994
-0.15770498,-0.017594935,0.10341118,0.087164596,-0.31858805,-0.17019586,0.1584005,0.15160705
-0.018830435,-0.0011370103,0.0835797,0.2916896,-0.24118584,0.27995616,0.10685612,0.117907904
-0.21468928,0.15846685,0.10508268,0.51651496,-0.4234672,0.09783403,0.17983106,0.24406461
0.13735308,-0.077037916,0.12316428,0.2681332,-0.3304862,-0.36629888,0.043580446,0.10391663
-0.024789011,0.025839401,0.23430814,0.37109515,-0.3678355,0.0635396,-0.17722192,-0.08626154
-0.096736155,-0.1068637,0.25798282,0.34434348,-0.011622131,-0.053539686,0.12882511,-0.12599963
-0.37223327,0.22098829,0.17156135,0.18937196,-0.22948748,-0.2155858,0.036525827,0.36291766
-0.01745458,-0.016332187,0.07949537,0.116734445,-0.11864066,-0.1840609,-0.16328256,0.11226948
-0.21107197,0.067051865,0.24973093,0.55598235,-0.62452376,0.39907396,0.26087356,-0.06454493
-0.15359208,0.035196528,0.2039792,0.27649096,-0.53266215,0.34064665,-0.1721261,0.1629377
-0.23956877,0.18304452,0.083609514,0.28778276,-0.35922763,-0.042019844,-0.04267545,-0.058003683
-0.11479978,0.038336836,0.15502575,0.31023145,-0.36389458,0.25441787,0.09536647,0.017630821
-0.13818812,0.0600191,0.07457223,0.21788196,-0.0075058895,-0.1475968,0.12508538,-0.012214441
-0.0003277883,-0.12397648,0.17789753,0.2151312,-0.24626566,-0.3558088,0.29584193,0.16606869
-0.102027714,0.3191251,0.0015713262,0.32248497,-0.24339212,0.073765054,0.02521094,0.24120538
-0.048392534,0.00057372724,0.15959539,0.20837356,-0.038851883,-0.057246625,0.077467225,-0.032329295
-0.047820836,-0.24398647,-0.11055802,0.110631466,-0.086642854,0.0037172174,-0.2525193,0.034071304
0.04802901,-0.039321933,0.2055957,0.019842405,0.11617215,-0.26953802,-0.046678532,-0.026219184
-0.056951452,-0.012923111,0.12378692,0.098211095,-0.06278103,0.034030795,0.039259486,6.262958e-05
0.05848834,-0.018740911,0.17632952,0.06263686,0.1895767,0.036746036,0.11336463,0.028792378
0.047420952,-0.21693255,0.14502674,0.25700864,-0.008446138,-0.118301675,0.067435,0.09473005
0.008812896,-0.19649255,0.051301025,0.27736148,-0.23868567,0.34088004,-0.15657438,-0.02304922
-0.21618612,0.11446222,0.05021867,0.1881179,-0.02720271,-0.20786583,0.26284364,0.02284895
-0.14035867,-0.054803994,0.07934443,0.3174532,-0.25717828,-0.078013755,0.10209248,-0.024713159
-0.19042999,-0.24455452,-0.063417554,0.2796683,-0.12341683,0.5243484,-0.01601924,-0.031337623
0.052278593,-0.14226179,0.15755126,0.30468595,-0.36070752,-0.16030487,0.03410754,0.014450528
-0.049545925,-0.027544219,0.119707525,0.15665168,-0.12144104,-0.0027640467,-0.025249306,-0.04697793
-0.11031772,0.106336184,0.10014065,0.16508862,-0.015961245,-0.032979485,0.121497,0.1022972
0.0854161,-0.37279993,0.40837097,0.19593982,0.19742714,-0.34005144,0.14620087,-0.18481746
-0.10606326,-0.1084263,-0.018995719,-0.06438212,-0.1282215,0.15798986,-0.22210105,0.13547981
-0.17776424,-0.051782966,0.2007065,-0.17546953,-0.029815502,-0.11954234,0.12511122,0.23125875
-0.19889076,-0.1343741,0.14680092,0.34075612,-0.3380363,0.06889658,0.055911105,-0.029218499
-0.0958769,-0.12763853,0.05617366,0.09459347,-0.23553106,-0.046576507,-0.013509948,0.08165297
-0.025372647,-0.14291343,0.15465383,0.040732726,-0.05376409,0.1850993,-0.14636128,0.077059895
-0.025342926,-0.08804956,0.018449625,0.10517696,-0.13818689,0.16724262,-0.07526345,-0.0055442518
-0.14370915,-0.10623675,0.13913332,0.024990384,0.019074272,-0.25929397,0.08738261,-0.06379659
-0.13869442,-0.044573598,-0.13237971,0.1103946,-0.21157508,0.4404989,-0.15052186,0.17519285
-0.08021174,-0.16195302,0.05428049,0.27737743,-0.16619825,0.2486624,-0.0448761,0.019411234
-0.14573686,0.048220694,-0.01523306,0.06553187,-0.16190578,-0.007283612,0.030530699,0.077472046
-0.11641944,-0.20347083,0.27464768,0.36424285,-0.02329965,-0.21766312,0.08240977,-0.043160148
-0.21414775,-0.124047354,0.05353262,0.22919841,-0.36101407,0.038596798,0.016846435,0.0767205
-0.06611377,-0.13978253,-0.08365363,0.052822765,-0.06597373,0.25243932,-0.25715312,0.09346534
0.05056573,-0.13257194,0.09410012,0.12832475,-0.30604157,0.19841114,-0.30421698,-0.0034034494
-0.24118142,-0.05770618,0.099449314,0.020968858,-0.038597263,-0.14848822,-0.0069426782,0.11091578
0.069993064,-0.032283083,0.31195283,0.061941512,0.34189588,-0.19203036,0.015738856,0.024237147
-0.031450823,-0.1689734,0.20472324,0.18820678,-0.026613599,-0.13766854,0.00029473007,0.084088914
-0.25182363,-0.037033897,0.16153696,-0.06994419,-0.27179945,0.074944876,-0.22707184,0.117702626
-0.10437015,-0.2898121,0.05775883,0.20922305,-0.22763368,0.22003214,-0.095955655,-0.06375033
-0.09836058,0.05513171,0.3233025,-0.040714037,-0.2653027,0.2299776,-0.0427949,0.2532358
-0.09976993,0.14908078,0.15223552,0.28677803,-0.31163204,0.22590557,0.07678548,0.1031653
-0.22772165,-0.06326292,0.069534324,0.18599443,0.0026627716,-0.23424649,-0.06599128,0.09038415
-0.011554249,0.09542962,0.20429985,0.2355131,-0.25005555,-0.27578235,-0.10039822,-0.077841274
-0.16986491,-0.11959308,0.12759863,0.15549888,-0.06584761,0.03234963,-0.05775279,0.077764764
0.052820213,-0.086936824,0.14491268,0.07726697,-0.1068706,-0.1321017,0.12092813,-0.0013524547
-0.07725065,0.17342342,-0.00241407,0.18234845,-0.13852571,0.04362975,-0.013627139,0.23941475
-0.16608216,0.03661431,0.16586131,0.13672684,-0.10443546,0.022469258,0.15536863,0.04482393
-0.015823262,-0.14303997,0.13657513,-0.12626006,-0.180458,0.14277223,-0.357944,0.33408418
-0.045702968,0.0033068983,-0.016194642,0.11246491,-0.21558441,0.26068115,0.03339365,0.11028677
-0.053380135,-0.24183258,0.15098013,0.058408927,0.020629289,0.10947092,0.12711579,-0.01874008
-0.17178488,0.13872379,0.08337644,0.33329597,-0.21127793,0.07315925,0.19266714,-0.023314705
0.1281812,-0.1800189,0.07111166,0.24827455,-0.037709273,0.1092591,0.03679579,0.04092824
0.0039920593,0.010560991,0.20282026,0.3328688,-0.07151166,-0.08863896,0.26361686,0.08069197
-0.0142527,-0.1947576,0.0373312,0.20838305,-0.21869594,0.10937933,-0.1493484,-0.055172604
-0.09648191,-0.110242784,0.116500676,-0.036729332,-0.14481705,0.22066253,-0.16561611,0.14664961
-0.065232,-0.09881212,-0.06417465,0.06953994,-0.18021682,0.3336339,-0.17215325,0.12461682
0.0672394,-0.1818501,0.26355752,0.11308119,-0.11006343,-0.25907233,0.025880123,0.04011479
-0.02820806,-0.080885336,0.26545322,0.014339332,-0.13679245,-0.25803587,0.27247387,0.19506866
0.0005321949,-0.10457004,0.19674438,0.023966298,-0.16195697,0.27306777,-0.112016596,0.02994628
-0.06428368,-0.36131206,0.37986097,0.43312576,0.024342915,-0.0212119,0.101669185,0.003166002
-0.13835156,-0.14448115,0.31047115,0.19432503,-0.51986754,0.2330026,-0.006051634,0.13153858
-0.12331141,-0.0780469,0.021172786,0.0917898,-0.13190031,0.16045912,-0.21517253,0.14828566
-0.041157696,-0.1329279,0.2632549,0.086131684,0.13997284,-0.120384306,0.084750175,0.07653277
-0.08021658,0.052489463,0.06590632,0.21509168,-0.18463041,0.05669506,0.18402192,0.06562818
0.010152728,0.021491563,-0.0008539811,0.20965381,-0.122244686,-0.2090702,-0.05301629,0.05225157
-0.06113946,0.029329704,0.08685907,0.15076385,-0.05881552,-0.050588857,0.06038088,0.009800016
-0.20421536,0.16711792,0.18242615,0.36951795,-0.47034973,0.2619502,-0.1011145,-0.0077075697
-0.12253111,-0.019120809,0.19274719,0.32040495,-0.30504817,0.2892561,0.043496717,-0.13630544
-0.06789701,0.27222842,0.10960184,0.29440707,-0.4338296,0.14376022,0.14204474,0.21147843
-0.23673521,-0.35483044,-0.1282413,0.33285987,-0.34724775,-0.060291138,-0.10027776,0.20179975
-0.22887999,-0.056156397,0.07157117,0.14543307,-0.1677559,0.06378731,-0.31745535,-0.059217215
0.1116904,0.00527155,0.3550954,0.30431852,-0.30635396,0.11422126,-0.20530283,-0.19342475
0.08683162,-0.15955064,0.025258793,0.13981803,-0.0017579067,0.10275997,-0.07582787,-0.019171847
0.056412622,-0.044128373,0.1549039,0.024422392,0.122357726,-0.015580329,0.09510091,0.09748233
-0.048693843,0.006957024,0.09913394,0.24049257,-0.29148558,0.25626636,0.012431156,0.077593856
0.093301296,-0.024640325,0.13601042,0.3652608,-0.053141925,0.12883936,0.22690322,0.07310853
-0.14845616,-0.22924739,0.15998355,-0.18758197,-0.11371018,0.04865767,-0.36317882,0.080033034
-0.14283277,-0.015125864,0.17446864,0.014041637,-0.21151197,0.09069671,0.00587378,0.06128158
-0.31040016,-0.11382798,0.10612766,0.109066315,-0.33234444,0.110864334,-0.15749814,-0.018458884
-0.227876,-0.22936875,-0.04201429,0.026790733,-0.14191382,0.020980828,-0.25373265,-0.07591441
-0.14281912,-0.05079622,0.03560357,0.14858079,-0.01218135,-0.066319756,-0.020520257,0.08449359
-0.24738137,0.053255662,0.12818252,0.21839939,-0.10992484,-0.12906957,0.0264335,0.11857142
0.03226019,-0.1759291,0.22098483,0.08655892,0.09469012,0.013629617,0.12272859,-0.08304896
-0.27363104,0.033797927,0.18846999,0.28361806,-0.13657953,-0.2774512,0.029319005,0.16191483
-0.24811305,0.13214462,0.12959008,0.20959806,-0.24263693,-0.06623238,-0.07915812,0.18860227
-0.018382896,-0.19151169,0.2025341,0.25549468,-0.039306182,-0.098827966,-0.21686155,-0.052663315
-0.2086889,-0.0791818,0.08471661,0.08469255,-0.0496506,0.16537021,-0.19112831,0.116172224
0.014460154,-0.01932265,0.03290103,0.115312606,-0.033487,-0.05257702,-0.0792055,0.04202062
0.0009762884,0.030554406,0.07526294,-0.059847172,0.048470467,-0.051675852,-0.09477184,0.16130795
-0.015437341,-0.08376219,0.110221826,0.26546073,-0.2048868,-0.02938164,0.002804406,-0.07852826
-0.1508148,-0.33224818,0.31867334,0.2932584,-0.19438855,-0.2845792,0.052621294,0.12336603
-0.21084093,-0.07964818,0.12773168,0.021427529,-0.10796623,0.0014495206,0.022335349,0.053624984
-0.27829924,0.25288856,0.11633732,0.4204002,-0.43790886,0.31373814,0.11972008,0.2883501
-0.09584209,-0.21014294,0.041715406,0.28811073,-0.1715537,-0.16062067,0.022960925,0.022299154
-0.15904602,-0.08660897,0.091201775,0.071028344,-0.13168754,0.050444774,-0.12864035,0.058471113
-0.15583299,-0.041467536,0.28441778,0.0028802077,-0.18515393,0.034463875,-0.21903734,0.18162426
-0.12904857,-0.15221675,-0.010536154,0.22728588,-0.17236716,0.011492441,0.035843488,0.06707973
-0.06442376,-0.022499435,0.08516743,0.11958271,-0.10850358,-0.0780703,-0.0340206,0.0432588
0.019626183,-0.29943457,0.12201803,0.12492199,0.040234484,-0.028604897,-0.16067497,0.11792194
-0.12024451,0.14306746,0.10206951,0.1467657,-0.14589168,-0.1375502,0.022357106,-0.02102341
-0.16489245,0.18555036,0.12527636,0.38126355,-0.30509892,0.20753752,0.3662042,0.034990042
-0.17592435,-0.23527901,0.20818098,0.1300068,-0.42178437,0.4562362,-0.26288232,0.06515672
-0.20871139,-0.16683711,0.13248439,0.15364802,-0.2831391,-0.025626017,-0.101095594,0.19101039
-0.072266474,0.05064514,0.047519654,0.23577903,-0.34025097,0.51055545,-0.04452613,0.1670682
0.08315118,-0.27827355,0.062297575,0.07520436,0.011879619,0.16874066,-0.047817178,0.008287881
0.015650976,-0.1629769,0.1595269,0.19625326,-0.14964162,-0.089377455,0.0018946393,-0.08267665
-0.11721104,0.1833641,0.012325724,0.20572662,-0.13669725,-0.13890448,-0.07940147,-0.07794518
-0.001091666,-0.07452174,0.24825643,0.24676841,-0.20590916,0.028129747,0.023120552,-0.09062609
0.090237476,-0.36700997,0.52791077,0.20763907,-0.11023483,-0.2297007,-0.01633387,-0.054612573
-0.16532803,-0.062325962,0.13465294,0.14550984,-0.23614816,0.33207464,-0.02673514,-0.009013319
-0.009162885,-0.0027332387,0.024355534,0.11954786,-0.10782776,0.1473462,0.030376667,0.019659575
-0.14561653,0.030735118,0.20147538,0.14949672,-0.036531597,-0.2987404,0.2765076,0.084984064
0.050149105,-0.13116646,0.16503902,0.16587482,-0.19049688,-0.10507828,0.038394902,-0.10628442
-0.37457177,-0.26757827,0.28017044,0.012463478,0.0024376165,0.03318892,0.021849016,0.030110516
-0.15750068,0.034503154,0.33895615,0.190583,-0.2661143,0.015717763,-0.03887387,0.0010978128
0.073425055,-0.20764923,-0.09015357,0.14748551,-0.20909938,0.44097164,-0.26924637,0.057320025
-0.36919534,-0.07509763,0.10857571,0.08539373,-0.33572158,0.023556244,-0.022916242,0.15251337
-0.005032765,-0.08954739,0.095872074,0.424329,-0.2457681,-0.2489909,0.1471619,-0.0022953541
-0.1445306,-0.083105326,0.15350568,0.2406309,-0.24601719,-0.021073345,0.08725855,0.16949703
-0.07342752,0.219537,0.14860469,0.10217046,-0.251414,0.039919287,0.119237244,0.39768696
-0.14011449,-0.20999663,0.38073328,-0.004055679,-0.28141803,-0.074486636,-0.13476633,0.02821933
0.089412525,0.18364982,0.15032135,0.11307285,-0.32180232,0.31287774,-0.10030092,0.25473756
-0.029918881,-0.21135074,-0.23324566,0.13808095,0.084881,0.24009068,-0.22732855,0.051197227
0.08855681,-0.09034785,0.10410953,-0.0066943266,-0.027817003,-0.07812894,-0.20143194,0.19452591
-0.074069545,0.14288339,0.267017,0.21995223,-0.22776265,-0.038398836,0.011187228,0.042412594
-0.020866748,0.006271295,0.10590885,0.0007739829,0.029121669,0.05347744,0.06811955,0.24277472
0.1784039,-0.3159079,0.13522871,0.09530866,0.16915326,-0.09812689,-0.0867156,0.13751715
-0.064321324,-0.09504733,0.07460942,0.23964113,-0.33333084,0.29206234,-0.1663119,-0.017419863
-0.0656419,-0.096537404,-0.030462114,0.14192599,-0.21319959,0.11106094,-0.06421019,0.05506578
-0.24296671,0.05139691,0.115525976,0.43443018,-0.38079545,0.065170705,0.03338966,0.25673458
-0.19126499,-0.4169331,-0.135127,0.24183285,-0.30917096,0.15977964,-0.104996614,0.37656954
-0.13023765,-0.029825177,0.16871776,0.28402615,-0.08670568,-0.24560638,0.06342951,0.059101705
-0.028523823,0.020215252,0.0050978926,0.45490292,-0.45228937,-0.08237817,0.16835153,0.39135444
-0.24459323,0.09266317,0.17910644,0.2445363,-0.55528283,0.27511975,0.046366554,0.19901693
-0.15310715,0.028806172,0.0662959,0.1288729,-0.1950925,0.19903065,-0.07145545,0.064778835
-0.15757649,0.00074106443,0.08593937,-0.03542397,-0.038013045,-0.12831351,0.029770933,0.21429731
-0.15938823,0.077337205,0.031971112,0.27236602,-0.40735057,0.08916416,0.23641445,0.2878746
-0.03577604,-0.23017311,0.1472762,0.20040658,0.0060109743,0.07186648,-0.06768449,0.002442165
-0.08476802,-0.22069137,0.17130567,-0.009065446,-0.041064117,-0.13855585,-0.063531086,0.027254893
-0.5247038,-0.25309336,0.28009382,0.48762825,-0.51857907,-0.12200987,-0.15422218,0.2647197
0.014126643,-0.07704856,0.1438258,0.16522346,-0.15666813,-0.09168742,-0.17467661,-0.038955167
-0.07955124,-0.3183543,0.28360832,0.1974183,0.0102557745,-0.16655119,-0.007837091,-0.09051705
-0.12275184,0.09321899,0.044634145,0.14502826,-0.073210664,-0.022526722,0.09588126,0.009928508
-0.15699127,-0.15383053,0.025509415,0.23840697,-0.19807279,-0.0054379846,0.05604728,0.091255434
0.08891349,-0.26540747,0.13054127,0.29116765,-0.33990625,0.57410157,-0.33265775,0.05036534
0.06919465,-0.35100064,0.09884703,-0.029464835,0.08147224,0.16703871,-0.18191697,0.16037312
0.16247126,-0.2612485,0.47013408,-0.1604965,0.1575498,-0.20916067,-0.10355079,0.15359227
-0.25151372,-0.09801132,0.20529655,-0.06484695,-0.09095654,-0.005058428,-0.31968942,0.18472157
-0.2767883,0.23325676,0.26546532,0.35379514,0.04244702,-0.18648061,0.27292722,0.1140392
-0.026830483,0.17339307,0.07396727,0.30049467,-0.079207286,0.14693491,0.06540231,0.20108983
-0.08017175,0.028661579,-0.021578591,0.23799206,-0.23836602,0.16968639,0.021991113,0.08749737
-0.0029633183,-0.018675882,0.22261634,0.039950535,-0.25356752,-0.024035718,-0.006888616,0.07001345
0.097647935,-0.08494535,0.08026751,0.102861755,-0.018023953,-0.1613087,-0.12810929,0.17444155
-0.10589388,-0.3221554,0.28035587,0.3591601,-0.4240455,0.36750427,-0.008995569,-0.115545586
-0.29946083,-0.055602193,0.06728708,0.26184103,-0.0053900406,-0.22312061,-0.073710054,-0.04492989
0.15837382,-0.14214154,0.044456147,0.38439626,-0.08921677,-0.17542227,0.020740813,0.13801141
0.021670155,-0.26339394,0.24454258,0.3403382,-0.20159838,0.17741895,0.13327156,0.06767512
-0.17546159,0.24085134,0.08895756,0.2391086,-0.2173523,-0.07419462,0.21495299,0.1932455
-0.18794055,0.05323247,0.07931037,0.21949983,-0.19346741,0.2711216,0.0028465537,-0.03488107
-0.18985868,-0.42071614,0.24054444,0.20179866,-0.49260297,0.25701734,-0.09252993,-0.09332611
-0.08714367,0.00616486,0.3207138,0.020353956,-0.259748,-0.06563364,0.068463214,0.06645901
-0.081620745,-0.13678168,0.028790278,0.20533995,-0.3178919,0.34382552,-0.0789674,0.0818257
0.16439645,-5.7399273e-05,0.342444,-0.06864894,-0.113468245,-0.15455769,-0.017335743,0.09009872
-0.10498738,-0.04963158,0.15630071,0.15439616,-0.07204407,-0.0099382335,0.019024633,0.00027070008
-0.024080317,0.015490745,0.27011746,0.08617191,0.038975466,-0.01654328,0.20253295,0.10541012
-0.093134396,0.052962694,0.06260507,0.22351143,-0.16908678,0.027458781,0.09038101,0.20049295
-0.09728089,-0.16682473,0.08452639,0.1402289,-0.2630164,0.0058096144,-0.0024003563,-0.07520576
-0.21667448,0.29049024,0.09430701,0.3918512,-0.52487946,0.26845008,0.04656885,0.20830831
-0.14615744,-0.2832992,-0.022010585,0.10997978,-0.0658711,0.24308525,-0.10852529,0.021553472
0.0728893,-0.26165092,0.065754056,0.086666994,0.04133188,0.01825727,-0.14023167,0.0826016
-0.060707,-0.081308655,0.031671427,0.17378262,-0.1662617,0.04089903,0.09878116,0.12227389
-0.20456018,-0.13054171,0.07398426,0.15756467,-0.13153908,0.0481502,-0.10103703,0.046126705
-0.03514278,-0.19294988,0.29235914,0.30062,0.044490915,-0.23447086,0.07694089,-0.0355535
-0.11736554,-0.21076839,0.37888217,0.34195048,-0.21452144,0.070729226,0.18877992,0.13150303
-0.2036759,0.13496363,0.19302092,0.35414705,-0.3799166,0.23396784,0.20400208,-0.15954325
-0.17412713,0.033068,0.19233705,0.3020536,-0.15662678,-0.08197847,0.123471476,0.019713769
0.12758105,-0.01358506,0.25073013,0.104507856,-0.32633224,-0.17164469,0.09419611,0.051340666
-0.11223818,0.028189816,0.10178572,0.12357722,-0.35583368,0.12792177,0.02751072,0.17996085
-0.038506046,-0.14712101,0.20802397,0.33783618,-0.42816392,0.30681482,0.21012029,-0.019861545
-0.13374841,-0.15937455,0.27323446,0.27806988,-0.040679086,0.033513553,-0.060470384,0.13931227
-0.07787906,-0.14682198,0.15575235,0.2364832,0.0367344,-0.18823715,0.04231183,-0.075215384
-0.020024123,-0.22661413,0.18783158,0.30235043,-0.19984122,0.15500273,0.058262415,-0.055704284
-0.124663256,-0.2112405,0.11277831,0.12427753,-0.29170728,0.35141408,-0.20080443,0.0029340154
-0.18582942,-0.107521005,0.052487254,0.29891378,-0.32151183,0.25731593,-0.038470384,-0.07616109
-0.08251781,-0.040191,0.099496625,0.07252474,0.0008720455,0.030269329,-0.062583774,0.08146221
0.0032894996,-0.016825005,0.06918891,0.021437705,-0.067396745,-0.15330358,0.009632948,0.24981838
-0.14965914,-0.27532533,-0.011225766,0.30176744,-0.39790174,-0.036647048,-0.043315567,-0.033321034
-0.26388243,-0.34779963,0.23865715,0.18208027,-0.33204484,0.0038483026,-0.16202852,-0.07872508
-0.15651445,-0.007760093,0.18112996,0.39676055,-0.25090125,0.057598535,0.15395075,0.034990244
-0.10176388,0.10365777,0.05563698,0.090884425,-0.19930723,-0.0033799934,-0.15634292,0.14821376
-0.10647786,0.09910184,0.12652858,0.12514018,0.056670755,-0.08253348,0.010591342,0.13172023
-0.098814994,0.05622052,0.14163743,0.20114237,-0.15392284,0.06736781,-0.02663535,0.030113867
-0.08256537,0.10803874,0.12914097,0.060200695,-0.20631464,0.10891785,-0.037454557,0.121556364
-0.11572183,-0.21319625,0.013988458,0.21724911,-0.42390582,0.41089126,-0.18616343,0.13610196
-0.0195991,0.034131043,0.047887154,0.019220075,-0.00078531244,0.07642186,-0.010945749,0.048054453
-0.0863951,-0.06406657,0.12992546,0.18246974,-0.07908588,-0.06269276,0.0043814164,0.05945835
-0.088507354,-0.03849959,0.082302175,0.38601264,-0.12246186,-0.07528791,0.11142157,0.054407336
-0.35678434,0.012098625,0.16765153,0.05175569,-0.083289266,-0.16851024,0.25017878,0.30513638
0.0046337363,-0.09169165,0.17598559,0.5363295,-0.5385565,0.4005822,0.08586992,0.06268654
0.013148059,0.076262966,0.04107214,0.036563072,-0.022849465,-0.032768168,-0.017236596,0.08128653
-0.2525183,0.09094276,0.17230533,0.07846856,-0.05867742,0.0529839,0.2558643,0.17333004
0.05623223,-0.16620861,-0.04905779,0.20389591,-0.035334993,0.15380861,-0.041401055,0.0686869
-0.18446437,-0.034803603,0.038709413,0.06792402,-0.20318349,0.34698004,-0.06640693,0.06498936
0.01975928,-0.04830645,0.13911262,0.11658525,-0.3030438,0.21231227,-0.17358693,0.044439
-0.044230923,-0.25357544,0.4650116,-0.05598788,0.04614662,-0.18238427,-0.005176066,0.08589396
-0.20851268,0.21746154,0.2909955,0.43240815,-0.53840476,0.3523397,0.40386233,0.23849979
-0.27372244,0.18259576,0.12806886,0.43624562,-0.37535858,0.068747014,0.32144374,0.11445195
-0.12254099,-0.10816554,0.20445049,0.09854664,-0.09810486,0.20382175,0.0750547,-0.034176335
-0.16880555,0.07586736,0.11325465,0.276742,-0.100342534,-0.08647943,0.18696809,-0.041522145
-0.1967212,0.017193813,0.003033761,0.28376225,-0.21669802,-0.08879886,0.2688252,0.20175621
-0.27771226,-0.14003533,0.26978675,0.14494851,-0.18692659,0.07058037,0.10456724,-0.012894028
-0.091536775,-0.12127296,0.25311536,0.18449983,-0.060805675,0.07778212,0.15276156,0.020850705
-0.1626869,0.025666948,0.1876678,0.2797893,-0.12399787,0.03285395,0.20486243,-0.09751834
-0.08759807,-0.2654642,0.20396584,0.33871195,-0.3270372,0.057029847,0.0615725,-0.006487986
-0.34654453,-0.22311753,0.18254785,0.27036232,-0.17527397,0.023820281,-0.054538574,-0.09727571
-0.16757715,-0.05602649,0.11017215,0.16385913,-0.07388554,-0.12585394,0.20900443,0.040178772
0.07589848,0.16302317,0.13415343,0.1406897,-0.22527142,-0.058389563,0.053440776,0.25313997
-0.08308604,0.04618846,0.04208824,0.17673959,-0.107677564,-0.050134372,-0.22101676,-0.0942206
-0.16050898,0.14079733,0.16659914,0.36228907,-0.24811047,0.14763048,0.2119547,0.13938831
-0.15996262,-0.0017149488,0.2471933,0.24079199,-0.04290234,-0.07369954,0.21903662,-0.0070961937
-0.21664794,0.3167901,0.15045458,0.17241412,-0.18083674,-0.38278213,0.3281128,0.2652502
0.028086983,-0.042140905,0.20780438,0.14244385,0.013358198,-0.29666114,0.17731859,-0.026766716
-0.24776135,-0.17104965,0.14715876,0.26252416,-0.22028024,0.020502793,0.1367313,0.16834433
0.0954426,-0.18901078,0.2581786,0.102105804,0.053556163,0.024931017,0.01628124,-0.10881688
-0.06199597,-0.1281234,0.15186238,0.2578565,-0.27761576,0.15017238,-0.01125605,0.0075050746
0.08206942,-0.110514745,0.28268337,-0.12093302,-0.0008057205,0.01083786,-0.25734442,0.08831063
0.11066649,-0.16868399,-0.0024304937,0.27031896,-0.18981165,0.3401431,-0.04112157,0.0064816237
-0.25259218,0.032555263,0.11575053,0.12798327,-0.113110065,-0.18469721,0.31623775,0.13439281
-0.039330933,-0.16804226,0.15589716,0.15529798,-0.11484418,0.01680745,0.112694964,0.08711371
-0.14238328,-0.20186593,0.25222644,0.254609,0.068100184,-0.35144767,0.3299038,0.05306048
-0.186252,-0.24467564,0.2891332,-0.16332327,0.012658143,-0.31777236,0.08075978,0.25039244
-0.14625564,0.19300914,0.256643,0.20109962,-0.0917044,0.4043182,0.25913507,0.084637046
-0.14615926,0.049408656,0.11671537,0.3241275,-0.17352545,0.16956349,0.15234788,0.0031022255
-0.09129654,-0.062440716,0.21764646,0.057402905,-0.09554747,0.12839389,0.026430773,0.13068415
0.17859231,-0.08202358,0.16668384,0.1825447,-0.13009058,-0.3095102,0.15829177,0.03044613
-0.22570342,-0.21363594,0.16733012,0.08791541,-0.0035396072,-0.3113373,-0.062284194,0.03594795
0.02753491,0.013157868,0.34972984,0.05541241,0.16337992,-0.428775,0.21583526,0.021189572
0.0044278773,-0.08301681,-0.1822628,0.13513461,-0.12528095,0.28366157,-0.15384714,0.11792771
-0.088511765,-0.08509954,0.028273491,0.0860414,-0.05186676,0.11045387,-0.03974517,-0.0104756765
-0.21395873,-0.12621845,0.1162487,0.3307177,-0.3132824,0.45865828,0.0777267,-0.019092645
0.07210827,-0.31039852,0.118338816,0.15443268,0.047370512,-0.119516246,0.06974211,0.05508525
-0.1688926,-0.17466013,0.07703565,0.19779247,-0.2794438,0.19550224,-0.03198734,-0.026604416
0.08725396,-0.11417981,0.030539734,0.27400127,-0.03942448,-0.080383,-0.007844071,0.11834258
-0.06090406,-0.19350944,0.35647562,-0.03928193,-0.09607845,0.18118009,-0.14964148,0.12904505
-0.05408165,-0.013491743,-0.029197415,0.26534852,-0.2477835,0.30769336,-0.032927833,0.10128153
-0.1628423,0.08429537,0.11141507,0.3254509,-0.22955273,-0.21154481,0.118958406,-0.09517196
-0.15744229,0.19209641,0.09758259,0.3263613,-0.39181677,0.052776027,0.1514116,0.3238227
-0.054182187,-0.3434471,0.28523004,0.22507584,-0.12054831,-0.16624889,-0.11383557,0.059477825
-0.16965924,-0.13212213,0.11380746,0.24757868,-0.20385526,-0.04872117,0.025540102,-0.042462006
0.07911093,-0.109227516,0.04051795,0.15180707,-0.26776552,0.39826885,-0.37986845,0.08812788
-0.28182682,0.18099695,0.07588068,0.3632781,-0.36759287,0.026381852,0.20648122,0.16856702
-0.25434726,0.10695279,0.12803143,0.03775466,-0.30129454,-0.15894108,0.17915456,0.28929272
-0.2526775,-0.0067263944,0.14935026,0.09371772,-0.24581948,0.0011021974,0.18442692,0.015631683
0.005206981,-0.17979054,0.19596407,0.2951914,-0.15364598,0.07670098,0.1432786,0.083068535
-0.06463453,-0.04524485,0.18065682,0.26748213,-0.38483906,0.24347354,0.0060372697,-0.05228618
0.12995833,-0.15179963,0.35759842,0.042333513,-0.10327056,-0.25166118,-0.024710665,0.08802868
-0.06423223,-0.15926637,0.10866719,0.4470897,-0.284815,-0.05102048,0.22222517,0.047339402
-0.3072554,-0.30376884,0.12665889,0.22187817,-0.19367857,-0.030607764,-0.12204519,0.11892282
-0.14523181,0.033643402,0.064124204,0.1471291,-0.19797611,-0.110080846,0.03349927,0.037691873
-0.063141644,0.081780404,0.08280399,0.2023312,-0.05430733,-0.12610309,0.11764577,0.10294348
-0.13373676,0.08328025,0.07616853,0.1594897,-0.28042862,0.03741214,-0.06734699,0.15434805
-0.12897862,0.11759108,0.027874902,0.1494886,-0.2067386,-0.015721114,0.009621189,0.053250954
0.05336786,0.121414624,0.10883452,0.015628317,-0.16503139,0.18226823,-0.043736875,0.25724748
0.0012491338,-0.07581307,0.2737102,-0.04210803,-0.12603131,-0.1272701,-0.11538855,0.29246327
-0.14205626,0.17061627,0.19714078,0.10961415,-0.057511438,-0.28880483,0.13503361,0.27585962
0.052996483,0.06501027,0.06538618,0.26796174,-0.15217648,-0.2945127,0.04367692,0.011159985
-0.015598909,0.2198351,0.21886523,0.029823663,-0.060787167,-0.34548813,0.100936316,0.22774592
-0.08179362,-0.01257419,0.068020195,0.11172476,-0.07614245,-0.027024286,-0.0061516208,0.03541529
-0.06622165,-0.03984552,0.07403003,0.16487409,-0.18097576,0.105993144,-0.017754288,-0.06404908
-0.12972173,-0.192978,0.2383976,0.25544843,-0.2839027,0.26874578,0.029554278,-0.103345394
-0.054792233,-0.098104715,0.23407303,0.2857162,-0.20262554,0.00421922,0.29898113,0.0916717
-0.0011019357,-0.12591973,0.17595327,0.28794903,-0.124696665,0.11829809,-0.19719723,-0.08124395
0.10730318,0.027151778,0.045482874,-0.1138926,-0.124362655,0.19706199,-0.23528112,0.2716338
-0.02520869,-0.026619254,0.05460046,-0.08329957,-0.1533507,0.105995275,-0.32654744,0.17665496
-0.19960089,0.30658796,0.19938333,0.4549924,-0.48539242,0.22232193,0.014411272,0.41469067
-0.2230895,-0.2848199,-0.011018523,0.13016114,-0.18686895,0.10547028,-0.27741703,-0.004107139
-0.110332645,-0.14821036,0.07186628,0.079619974,-0.34449863,0.398745,-0.30348906,0.021085057
0.10808294,-0.2113266,0.00075945427,0.37215143,-0.20156536,0.24845283,-0.1599569,-0.004753919
0.042048432,-0.07978911,0.18417181,0.1442895,0.013112892,0.037719905,0.17489934,-0.0012405062
0.15660925,-0.1347221,0.054687183,0.3790858,-0.06654933,-0.06172421,0.07100426,0.12945588
0.013387092,-0.107600294,0.08845928,0.20494187,0.024379218,-0.00037759542,0.12108157,0.022101015
0.034884885,-0.08752157,0.15980089,0.007238694,0.15456775,0.019914705,-0.050016787,0.11930814
-0.050637465,-0.2580315,0.30322382,0.04988649,0.16289307,-0.016146747,0.17791577,0.004271064
-0.08505055,-0.0060349493,-0.008734556,0.14507914,-0.10142483,0.15536243,0.015600768,0.047977544
-0.1557502,-0.36796522,0.3430125,0.0656815,0.095416255,-0.07521153,0.21891207,0.12300917
-0.21720283,0.18454184,0.13079056,0.40133584,-0.19777219,0.05223621,0.13699478,0.14127976
0.010932017,-0.075333804,0.04296352,0.34685403,-0.17726518,0.26630163,0.06493799,0.055017237
-0.160945,-0.17018841,-0.1346187,0.10698558,0.116776176,0.060574945,-0.23164915,0.058602218
-0.06322587,0.027992168,0.041590154,0.28463176,-0.21669133,-0.14217862,-0.041487694,0.018621795
-0.22510655,0.12320241,0.027126241,0.010035827,-0.16748855,0.03337575,0.14687991,0.31676686
-0.050008453,-0.17731227,0.22290264,0.24836186,-0.16101234,0.122402854,0.051385455,0.12916932
-0.3092125,-0.11610953,0.17101994,0.13330841,-0.18545157,0.02713939,0.071061276,-0.023964964
0.23661625,-0.21564466,0.115213536,0.27017233,0.00011275709,-0.18115203,-0.07483585,0.17699793
-0.014666387,0.023107832,0.23582184,0.30694678,-0.21070345,0.11020353,-0.14206615,-0.09846858
0.025819208,0.022840446,0.10722652,0.3523411,-0.29782698,-0.25705826,0.18825936,0.24671753
-0.18311451,-0.12358167,0.26629284,0.3533244,-0.35291508,0.014423847,0.15399373,-0.04786944
-0.27149042,0.10138975,-0.1479102,0.19602983,-0.32201728,0.13300501,-0.19913925,0.23292583
0.070194475,-0.43523893,-0.1568586,-0.021254035,-0.11868215,0.32381806,-0.44291,0.1343424
-0.14971505,0.06813169,0.1758434,0.15882443,0.01014729,-0.08867342,0.24821912,-0.0036361057
-0.01591533,-0.04970172,0.2251437,0.08891278,0.10427182,0.06347107,0.08861691,-0.030964866
-0.3444171,-0.22828136,0.113808945,0.24003325,-0.18580961,-0.0856905,-0.102030255,0.13062534
-0.32708162,-0.23423651,0.1347229,0.29622167,-0.40969163,0.30489758,-0.11165546,-0.012164649
-0.1287377,0.01130377,0.018658457,0.3274386,-0.37432337,0.1772204,0.09462194,0.08797719
-0.20666188,-0.224051,0.12626442,0.0716012,-0.0087201325,-0.1609562,0.1306984,0.047170654
0.08497972,-0.0056598773,0.26504132,0.1781595,-0.21018416,0.17379488,-0.27023438,-0.05757337
-0.21272574,-0.04750789,0.1470627,-0.013950972,-0.16224656,-0.10329113,0.046277642,0.10312074
0.10458534,-0.27503186,0.25181714,0.12794253,0.10998619,-0.020164788,0.04401376,0.0138588315
0.036584917,-0.19393401,0.05890432,0.022409419,0.118119225,-0.10601442,-0.08432885,0.035969574
-0.05612384,-0.06991347,0.13308346,0.105946705,0.004789379,-0.07692071,0.033518046,-0.04099898
-0.10102692,-0.16268222,0.17453504,0.20431475,-0.1754694,-0.21277055,0.11782023,0.12839995
-0.09091513,-0.12098391,0.19667055,0.045032497,-0.06814728,0.012605517,-0.10096383,0.011986375
-0.1443607,0.18231016,0.124633625,0.3142986,-0.13022777,0.05544523,0.2161701,0.20929715
-0.1867286,0.2709082,0.067986056,0.29724985,-0.38427708,0.06670886,0.06727078,0.21737507
-0.15348044,-0.005035523,-0.010275964,0.16597582,-0.16084792,-0.08766652,0.07968569,-0.02051736
0.009095977,-0.022055358,0.07412682,0.17932685,-0.079467624,-0.18115076,0.052205764,-0.003199166
-0.07596509,-0.027690345,0.14240028,0.07409332,0.026418732,-0.038890135,0.07962551,0.0063350657
-0.032813214,-0.28554258,0.22271234,0.3269711,-0.06560412,-0.015639713,0.047662,0.12617911
-0.0760058,0.0387709,0.13765138,0.05350907,-0.41337636,0.61735016,-0.33280376,0.23530416
-0.03430763,0.049262863,0.07519475,0.1311325,-0.081680104,0.034412693,0.016328992,0.04822613
0.017012926,-0.23452267,0.15872015,0.17753433,0.019370398,-0.07987134,-0.043131992,0.115356244
-0.019074164,0.038814764,0.043246463,0.35233516,-0.27988097,0.3358682,-0.15834732,0.055249713
-0.14593068,0.4532709,-0.069057494,0.5743162,-0.51114404,0.14818986,0.19318451,0.4405992
-0.044121474,-0.2711868,-0.090386316,0.10566888,-0.128636,0.2506005,-0.31319427,0.0394622
0.014125488,-0.07599057,0.27676994,0.271318,-0.002205333,0.115991175,0.07312594,-0.17943324
-0.24499646,-0.16325252,0.26368323,0.27847505,-0.29513812,0.267076,-0.031744063,0.044685878
0.0416835,0.069599986,0.026661364,0.18675448,-0.2031388,-0.08787887,0.08703229,0.24822201
-0.087257236,0.09183864,0.07848647,0.21827102,-0.13952878,-0.093901515,0.081370704,0.15802225
-0.0970315,0.03434423,-0.06967875,0.44848916,-0.31159636,0.010647239,0.23646641,0.01490747
-0.14923833,-0.015903544,0.29691705,0.34323397,-0.04652603,-0.16754723,0.23172194,-0.014329563
-0.022907376,-0.30501834,0.06467493,0.06820727,-0.12241622,0.41541335,-0.2467085,0.013212701
-0.06316193,-0.2383183,0.008381245,0.25991678,-0.2162964,0.0060072117,-0.10033701,0.06807796
-0.28955123,0.29289538,0.20798492,0.42245337,-0.39425713,-0.09380019,0.16914186,0.021898028
0.05745225,-0.170711,0.23456326,0.28088918,-0.012512551,0.09233346,0.1678068,0.050223406
-0.042039454,0.031350907,-0.072018415,0.065509126,-0.10733557,0.11257189,-0.18703741,0.13344856
-0.08826321,-0.09087668,0.17081012,0.0632426,-0.22643735,0.114502944,-0.012507253,0.066567674
-0.029487895,-0.24380675,0.34737933,-0.03474393,0.09237262,-0.17052047,-0.12039866,-0.03994074
-0.06789239,0.026410885,0.026870657,0.2991807,-0.26981637,0.15450849,0.066876166,0.09242181
-0.17743175,-0.03420651,-0.114720635,0.08676223,-0.12967019,0.04141035,-0.21399482,0.10219091
-0.26125887,-0.17552249,0.2672874,0.031397846,-0.38333946,-0.24973981,0.109843194,0.28549922
-0.1632834,-0.049488775,0.23273294,0.25219557,-0.066408634,-0.19102556,0.20844355,0.09274662
-0.10039155,-0.07907057,0.015562805,0.10365593,-0.18400727,0.1157415,-0.03300646,0.0066989404
-0.120056,-0.3314307,0.2646282,0.10880133,-0.038681272,-0.29669702,0.077376254,-0.019816456
0.013979148,-0.07601306,0.20847853,0.18146989,-0.22558382,0.03934026,-0.13479824,0.030343482
-0.20013756,-0.1093649,0.0018409917,0.067030944,-0.1775037,0.0031883032,-0.10702019,0.0073551848
0.021074245,-0.023566158,0.10478068,0.0868092,-0.18566917,0.034975927,-0.106953494,0.16870907
0.090065494,-0.24973847,0.30049112,-0.0059611583,0.05440696,-0.090345584,-0.18576163,-0.06780101
-0.13744538,0.06838278,0.13282259,0.27218968,-0.36635572,0.16941303,0.03711504,0.046537697
-0.37265262,-0.18634516,0.22855023,0.16686797,-0.08287432,-0.06436304,-0.006014863,-0.021717932
-0.06933929,-0.17896102,0.1367822,0.40955734,-0.23267008,0.05734379,0.12732516,0.1262049
-0.33805364,0.024083277,0.14372052,0.28076676,-0.16659506,-0.20780553,0.07124911,0.17968273
-0.05862972,0.11941558,0.12685083,0.30368885,-0.044557367,-0.35449523,0.2532371,-0.06155848
-0.09939332,-0.10707686,0.027298898,0.08103176,-0.058714192,0.026571613,-0.10562502,-0.019723246
-0.03793365,-0.25098956,0.5862219,-0.05799207,-0.16674498,-0.036697514,-0.08696058,0.08163768
-0.26287112,-0.18042782,0.10966785,0.1318932,-0.14088921,-0.030557754,-0.089936234,0.05416358
0.010735069,-0.099163055,0.2742082,0.17518367,-0.03687767,0.09430959,-0.04159865,-0.11591642
-0.24072792,0.23079735,0.03730921,0.23324944,-0.16264153,-0.12358795,0.21337697,0.17907251
-0.25621018,-0.13916087,-0.036046818,0.15571158,-0.3138274,0.24595033,-0.13308866,0.14407668
0.031974178,-0.012963403,0.117840365,0.1917792,-0.26990816,-0.14582126,0.17442043,0.1920828
-0.18402788,-0.13848114,0.24899793,-0.1671953,0.043156125,-0.05257909,0.11365199,0.19341514
0.042266697,-0.4912074,0.52989286,0.23083948,-0.27388254,-0.07173585,-0.07968449,-0.08796179
-0.17629202,-0.0626359,0.27694732,0.09700085,-0.14535202,-0.02436261,0.09729152,0.0973364
-0.10157312,0.05085287,0.21776535,0.20146586,-0.1708883,-0.035792567,0.0070864563,0.089109
0.058365874,-0.18473895,0.27831405,0.32095918,-0.16910766,0.35361868,0.24264365,-0.013862168
0.066893935,-0.19730954,0.018816091,0.17726634,-0.036886264,0.14434913,-0.021536259,0.11591753
0.06833955,-0.1461116,0.04566122,0.17084478,0.02673091,0.07448121,-0.086084016,0.032411546
0.052142445,-0.11275688,0.121315315,0.57802665,-0.38450173,-0.34748074,0.18997529,-0.09453051
-0.13159858,-0.09457283,0.14374359,0.38505152,-0.26537398,0.09713685,0.055566467,-0.13974941
0.0017058367,0.063264534,0.21157417,0.060662474,0.108653076,-0.04304626,0.11424786,0.13402498
-0.008629212,-0.16880447,0.04742507,0.038358297,-0.04561734,0.30946487,-0.05543587,0.07001557
-0.17796613,0.08168476,0.12167029,0.15088382,-0.13797769,0.24053662,0.12059307,0.09942309
-0.15108946,-0.18790925,0.14606458,0.11506258,-0.28943074,-0.12496255,-0.07665597,0.12784909
-0.059534974,-0.018862536,0.035624642,0.17769948,-0.051920895,-0.08271455,-0.09433794,-0.03277684
-0.15078095,-0.25048244,0.27579847,0.41347554,-0.14629811,-0.08040713,0.17431314,-0.02370088
0.09569371,-0.04922321,0.10936994,0.1393851,-0.009771179,-0.1260983,0.0882747,0.02363009
-0.02929667,0.04832686,0.020959593,0.12725621,-0.15311587,0.08575688,0.08934196,0.12426491
-0.12827298,-0.052529763,0.2592693,0.24278879,-0.00010230392,-0.3157988,0.19809416,0.14444865
-0.07380694,-0.31341594,0.22463882,0.1002751,-0.041457254,-0.060296934,-0.101957016,0.009196267
-0.05368573,-0.06071382,0.20347442,-0.045242608,-0.3146689,0.3080411,-0.08724979,0.18292128
-0.017704537,-0.08776781,0.0014883418,0.14754231,-0.27410817,0.054638743,-0.027868694,0.12309631
-0.17368712,-0.347995,0.11804175,0.15048988,-0.041574188,-0.06937962,-0.06949909,0.0864468
-0.14939131,-0.14185436,0.043413043,0.024195,-0.2092446,0.32236794,-0.22239496,0.06382247
0.09222082,-0.109360375,0.1330928,0.21820128,-0.029100543,0.077691555,0.098661296,0.054212987
-0.09735999,-0.19155796,0.06717079,0.11518425,0.028951341,0.13180599,0.01137437,-0.010650471
0.023200952,-0.11011966,0.28927994,0.08837446,-0.24918343,-0.15357396,0.070547365,-0.005277607
0.037582155,-0.25110996,0.06746602,0.124014474,-0.02482704,0.07750992,-0.1626751,0.05737336
-0.28190687,-0.32099414,0.090677485,0.1889463,-0.30738032,-0.14762934,0.038073104,0.23365994
-0.39270929,-0.22038332,0.19224922,0.3156388,-0.19349937,0.16486506,0.06798249,0.023432301
-0.32983747,0.024512306,0.433806,0.454661,-0.40247318,-0.27166066,0.071160845,-0.1452564
-0.24047478,-0.25279033,0.10742129,0.25892717,-0.04605908,-0.055976693,-0.1082901,0.0083271535
-0.08050118,0.09482741,0.1239809,0.10392215,-0.21854727,0.022279136,0.09510653,0.22687207
-0.047990717,-0.25653857,0.4081203,0.44171086,-0.21756941,0.082247384,0.046355944,-0.22384721
-0.03639865,-0.021761796,-0.004453205,0.16967022,-0.10428184,-0.11980506,-0.17530824,0.13557746
0.012143965,-0.08189176,0.27142236,-0.025458388,0.14451577,-0.34663084,-0.13192014,-0.03969874
-0.027857471,-0.29199097,0.25480264,0.17986277,-0.03359781,-0.09377306,-0.053867117,0.013797265
-0.11765946,-0.12276729,0.06148728,0.22850534,-0.27130795,0.10729357,-0.22900094,0.016935645
0.15604612,-0.058685638,0.13348795,0.2102526,-0.27458465,-0.24704634,0.14262019,0.12400634
-0.052784465,-0.039734583,0.06322467,0.20656106,-0.14624926,0.1571774,0.032005664,-0.02726179
-0.18694626,0.19055673,0.04372722,0.14147791,-0.21245334,0.07052229,-0.073166296,0.14580767
-0.14068028,0.030943764,0.10374679,0.17416926,-0.15592209,0.05714983,0.13085605,0.084985636
-0.12662834,-0.18000335,0.24512899,0.2574289,-0.11754562,-0.18498091,-0.012009177,0.12891212
-0.20597759,-0.00056108827,0.13616657,0.0962439,-0.18180977,0.12399483,-0.057198983,0.10000737
-0.1396431,-0.043702316,0.18660025,0.03099716,-0.10508697,-0.03751,-0.017312383,0.060422115
-0.17214483,-0.2197284,0.23917258,0.260032,-0.20414193,0.04625752,0.028956095,-0.006209085
-0.18511803,-0.005619407,0.1473827,0.20546944,-0.11809194,-0.06248348,0.015900346,0.108730055
-0.30195057,-0.27222198,0.20884453,0.22709851,-0.5749927,0.6198074,-0.32661465,0.12329785
-0.008993588,-0.104854114,0.07688358,0.04733945,-0.11602466,0.24084711,-0.286022,0.0020193877
0.08987491,0.118422695,0.2176337,-0.0010291036,-0.21414316,0.06949519,-0.043988924,0.14360641
-0.2798259,-0.05649609,0.26473206,0.16928473,-0.50468665,0.26068154,-0.110415965,0.10304678
-0.044328492,-0.1313346,0.19801912,-0.06130674,0.03811738,-0.058200683,-0.024010595,0.020167235
-0.34767523,-0.2306892,0.14608859,0.07218025,-0.30370146,0.07759617,-0.25796753,0.014002898
-0.02348277,0.064333946,0.016058477,0.12688632,-0.21444416,0.001414,-0.062300775,0.15650171
-0.1575382,-0.11070815,0.08196844,0.09258697,-0.24165334,-0.10777526,-0.049950864,0.04004194
-0.1766669,0.097624935,0.099888295,0.16561761,-0.118080914,-0.13621378,0.10519778,0.20862202
0.09389152,-0.20716293,0.25717938,0.18456443,-0.22201224,0.012769512,-0.19457155,-0.12042201
-0.030373255,0.037089106,0.12613915,0.09888774,-0.19577333,0.18038389,-0.04344341,0.06543314
-0.09173937,0.07975675,0.20280862,0.28666285,-0.143843,0.042794224,0.20319204,0.084656835
-0.34881803,-0.03196393,0.32237026,0.53461665,-0.254153,-0.15647782,0.064071424,-0.3067068
-0.04769093,-0.07619485,0.02657059,0.20934626,-0.19319834,0.16047186,0.02199448,0.019163243
0.01574751,-0.035173427,0.11393279,0.17893608,0.08838896,-0.03432119,-0.16732188,0.058566667
-0.24599944,0.028378554,0.17732026,0.13576916,-0.4312185,0.19466579,-0.20008023,0.15854926
-0.17795627,-0.25255582,-0.056409642,0.17280403,-0.22133806,0.314715,-0.11041826,0.038631592
-0.09327101,0.10629292,0.18019715,0.2874543,-0.3582206,0.1773967,0.0834025,-0.042877402
-0.01372268,-0.26576412,0.26797593,0.048243325,0.10295044,-0.35203853,-0.15726146,-0.024271563
-0.020751566,0.22039415,0.179072,0.15680504,-0.30545482,-0.12920374,0.1666915,0.33767444
-0.21616952,0.1352459,0.08157404,0.06712557,-0.19823937,-0.18062793,0.168019,0.21513458
0.057046406,-0.087296546,0.1358376,0.16279477,-0.15397948,0.16447201,-0.30141667,-0.030254077
-0.23396051,0.030087432,0.12704685,0.18050486,-0.40175933,-0.012610985,0.15638256,0.22965543
0.19991666,-0.33592415,0.36237055,0.31809464,0.06884367,-0.31581596,0.21362174,-0.10823842
-0.08371193,0.018594699,0.039813146,-0.051749185,-0.09216708,0.1397842,-0.25914523,0.24552925
-0.23419891,-0.2133997,0.22373904,0.47181937,-0.27309698,0.16350196,-0.026385201,-0.25072628
-0.051755413,-0.1934149,0.28427348,-0.029240433,0.010881851,-0.022702817,-0.1413769,0.12352111
-0.13687202,0.05857819,0.1819012,0.27680248,-0.013772135,-0.22089645,0.08433512,-0.015463579
0.005786235,-0.10090685,0.15893099,0.30674958,-0.12521456,0.3884181,0.11910598,-0.045449022
-0.1647783,-0.26854363,0.14324005,0.30770573,-0.29408246,0.050106496,-0.019150889,-0.06692341
0.022718532,0.017771019,0.24858293,0.12992224,0.17809278,-0.24881919,0.20668928,0.07412989
-0.050449204,0.0038556713,0.035357498,0.17972405,-0.12759642,-0.05058501,0.14578712,0.08582275
-0.13209231,0.16059418,0.123957455,0.3940281,-0.031016968,-0.078554764,0.058646485,0.20483989
-0.15530272,0.09038456,0.07318425,0.3787657,-0.30112553,0.055005305,0.08214868,0.25072205
-0.003227666,-0.089192174,0.10160621,0.15858391,-0.21047698,0.04897796,-0.15627284,-0.04325357
-0.04574905,-0.16102968,0.090421714,0.24097502,-0.16842003,-0.015081864,0.040414087,0.024084313
-0.14848499,0.03977362,0.14461036,0.27286676,-0.085642025,-0.12317308,0.19422828,0.09998474
-0.0799099,0.08186161,0.031742867,0.23794022,-0.27877593,0.21657944,0.03820641,0.12977289
-0.20803656,0.101578616,0.07423795,0.2574866,-0.091759704,-0.12319385,0.14901876,0.13006204
-0.3215885,0.28389144,0.13551362,0.21287678,-0.30204394,-0.037112173,0.30201754,0.2842889
-0.20224531,-0.12009003,0.041305423,0.45764247,-0.40918696,0.36696774,0.036992453,-0.033800684
-0.05277738,-0.08602167,-0.086297035,0.17721358,-0.1383057,0.20216191,-0.29714644,0.2983044
-0.029137393,-0.1549437,-0.08066288,0.04824165,0.068535335,0.06694288,-0.278003,0.11127842
-0.18790881,-0.11159024,0.19631058,0.32861975,-0.14224489,-0.060607195,0.21718974,0.07216705
-0.16371784,-0.05323956,-0.01641754,0.15977375,-0.31913516,0.4984872,-0.06513948,0.14070381
-0.07823224,-0.16289455,0.082079925,0.16908062,-0.25448382,0.17782761,-0.07924509,-0.008739025
-0.111549035,-0.2962636,-0.0559218,-0.0050686724,-0.0014252448,0.1363629,-0.32218957,0.14081195
-0.0990047,0.12653431,0.19415486,0.35910773,-0.1464603,-0.3675503,0.07973535,-0.19940896
-0.26697996,-0.121192664,0.26347104,0.11785225,0.017825741,-0.2316597,0.19488247,0.13013685
-0.25541565,-0.20324591,0.35276946,-0.14369579,0.01923747,-0.2264569,0.19153371,0.07333483
-0.13316227,-0.166662,0.07916045,0.36884555,-0.36811373,0.32036301,0.019157149,-0.040843416
-0.25873405,0.120455906,0.037473354,0.18612951,-0.32827634,0.07182372,0.2183209,0.005622432
0.06647862,-0.19739193,0.22539605,0.13502447,-0.11567352,0.1280912,-0.30329594,-0.02969842
-0.08766371,0.00619072,0.12990879,0.18279041,-0.10552461,-0.041393507,0.07531981,0.08498136
-0.04142783,0.02385184,0.20878695,0.2737128,-0.09725638,0.11189498,0.018604586,-0.046963453
-0.10851671,0.043879356,0.22382647,0.34703243,-0.07091842,-0.10267808,-0.004174849,-0.15261701
-0.078299485,-0.20211697,0.15230344,0.16183235,-0.11650256,0.038216677,-0.057777695,-0.009321673
-0.0006892382,-0.3119365,0.21044569,0.06491954,0.06084857,-0.16919217,-0.2341777,-0.13239205
-0.25415885,-0.11037115,0.15601665,0.14288186,-0.024849808,-0.15366626,0.03797653,-0.04547899
0.056144882,0.11886131,0.1340479,0.031641837,-0.02672864,-0.17127289,-0.07544681,0.059920385
-0.16989303,0.22647296,0.03394876,0.32843667,-0.35867873,0.026673984,0.08637031,0.18600191
-0.11559464,-0.01392425,0.011012489,0.15708536,-0.18273872,-0.016558,-0.15322757,0.037419986
-0.08165879,0.007932206,0.050602037,0.23159283,-0.28990355,0.2136029,0.11700202,0.14324851
-0.06993379,-0.2109997,-0.029197264,0.19141424,-0.3143431,0.36606526,-0.09057009,0.061440155
-0.23082331,-0.035856247,0.19251658,0.06831107,0.08784182,-0.27591103,0.31373495,0.027418252
-0.16976665,-0.40082026,0.26887897,0.16568884,-0.21130817,-0.15444754,-0.08462017,-0.11475451
-0.058683343,-0.033486295,0.29360035,0.06017302,0.17730516,-0.045724895,0.08809819,0.015928963
-0.070638254,0.18603218,0.078077324,0.3247884,-0.35349628,-0.10364065,0.19487008,0.27836984
-0.15141216,-0.049923003,0.09463471,0.18551068,-0.07711689,-0.07311066,0.020158164,-0.072316796
0.16081047,-0.024772193,0.025257496,0.17170021,-0.17684741,-0.029579947,0.0076172985,0.23145594
-0.11973596,-0.08411516,0.13064498,0.29909986,0.0442714,-0.24164253,0.09105646,-0.11067572
-0.040745918,0.0741665,0.23220469,0.25166482,-0.216764,-0.070281476,-0.10628865,-0.05324222
-0.08426823,0.054205984,0.17425841,0.1371851,-0.18140529,0.07685683,0.055698164,0.027193118
0.15428722,-0.3550718,0.4039471,0.18045588,-0.06300108,-0.15340498,-0.26428574,-0.008241899
